Country Name;Country Code;2017
Aruba;ABW;97.17
;AFE;17.31098687
Afghanistan;AFG;13.5
;AFW;27.08121938
Angola;AGO;26
Albanie;ALB;62.4
Andorre;AND;91.56746703
Le monde arabe;ARB;46.66467625
Émirats arabes unis;ARE;94.81992254
Argentine;ARG;74.29490687
Arménie;ARM;64.74488433
Samoa américaines;ASM;
Antigua-et-Barbuda;ATG;
Australie;AUS;86.54504885
Autriche;AUT;87.93558659
Azerbaïdjan;AZE;79
Burundi;BDI;2.660748535
Belgique;BEL;87.67968082
Bénin;BEN;18.7
Burkina Faso;BFA;7.79
Bangladesh;BGD;19.8
Bulgarie;BGR;63.41010138
Bahreïn;BHR;95.87813575
Bahamas;BHS;80.6
Bosnie-Herzégovine;BIH;64.89202051
Bélarus;BLR;74.43644541
Belize;BLZ;47.0826258
Bermudes;BMU;98.37
Bolivie;BOL;43.83227607
Brésil;BRA;67.47128452
Barbade;BRB;81.76077839
Brunéi Darussalam;BRN;94.86669164
Bhoutan;BTN;54.3
Botswana;BWA;41.41379464
République centrafricaine;CAF;4
Canada;CAN;92.70137191
Europe centrale et les pays baltes;CEB;73.41063823
Suisse;CHE;89.68614767
Îles Anglo-Normandes;CHI;
Chili;CHL;82.32748693
Chine;CHN;54.3
Côte d'Ivoire;CIV;43.83992085
Cameroun;CMR;23.20297197
Congo, République démocratique du;COD;8.619904916
Congo, République du;COG;8.65
Colombie;COL;62.25988032
Comores;COM;8.478170295
Cabo Verde;CPV;57.16214635
Costa Rica;CRI;71.58166462
Petits états des Caraïbes;CSS;55.5864749
Cuba;CUB;57.14840432
Curacao;CUW;68.12721625
Îles Caïmans;CYM;81.06769325
Chypre;CYP;80.74318897
République tchèque;CZE;78.71917285
Allemagne;DEU;84.3941537
Djibouti;DJI;55.68140925
Dominique;DMA;69.61966879
Danemark;DNK;97.09936216
République dominicaine;DOM;67.57124533
Algérie;DZA;47.69105515
Asie de l’Est et Pacifique (hors revenu élevé);EAP;50.0569098
de dividende précoce démographique;EAR;29.89714059
Asie de l’Est et Pacifique;EAS;54.37669736
Europe et Asie centrale (hors revenu élevé);ECA;60.5745442
Europe et Asie centrale;ECS;74.49955714
Équateur;ECU;55.8
Égypte, République arabe d’;EGY;44.95020425
Zone euro;EMU;79.51781576
Érythrée;ERI;1.30890698
Espagne;ESP;84.6022457
Estonie;EST;88.10245687
Éthiopie;ETH;15.6
Union européenne;EUU;78.70269005
Fragile et les situations de conflit touchées;FCS;23.94149474
Finlande;FIN;87.46892907
Fidji;FJI;65.78
France;FRA;80.50245972
Îles Féroé;FRO;97.58195894
Micronésie, États fédérés de;FSM;35.30405287
Gabon;GAB;50.32012015
Royaume-Uni;GBR;90.42455049
Géorgie;GEO;59.7055046
Ghana;GHA;37.88415262
Gibraltar;GIB;
Guinée;GIN;18.7
Gambie;GMB;22.5
Guinée-Bissau;GNB;14.8
Guinée équatoriale;GNQ;26.239999
Grèce;GRC;69.89297065
Grenade;GRD;54.2
Groenland;GRL;69.48246178
Guatemala;GTM;37.9
Guam;GUM;80.50546556
Guyana;GUY;37.32583679
Revenu élevé;HIC;84.22045157
Chine, RAS de Hong Kong;HKG;89.41594465
Honduras;HND;31.73579247
Pays pauvres très endettés (PPTE);HPC;15.84136508
Croatie;HRV;67.09619204
Haïti;HTI;27.2
Hongrie;HUN;76.75054712
BIRD seulement;IBD;44.57858507
BIRD et IDA;IBT;38.28625189
IDA totale;IDA;20.09563191
IDA mélange;IDB;23.89172023
Indonésie;IDN;32.33580625
IDA seulement;IDX;18.19801795
Île de Man;IMN;
Inde;IND;18.2
Non classifié;INX;
Irlande;IRL;84.11400706
Iran, République islamique d’;IRN;64.04397362
Iraq;IRQ;26
Islande;ISL;98.25520119
Israël;ISR;81.58118359
Italie;ITA;63.077347
Jamaïque;JAM;55.07206705
Jordanie;JOR;64.5
Japon;JPN;91.72654724
Kazakhstan;KAZ;76.42674823
Kenya;KEN;17.82710021
République kirghize;KGZ;50.8
Cambodge;KHM;32.90027854
Kiribati;KIR;25.30959816
Saint-Kitts-et-Nevis;KNA;80.71019081
Corée, République de;KOR;95.06942188
Koweït;KWT;97.99998933
Amérique latine et Caraïbes (hors revenu élevé);LAC;59.33710167
République démocratique populaire lao;LAO;25.51043508
Liban;LBN;78.18077489
Libéria;LBR;16.3
Libye;LBY;
Sainte-Lucie;LCA;66.4
Amérique latine et Caraïbes;LCN;60.26243338
Pays les moins avancés: classement de l’ONU;LDC;15.98720164
Faible revenu;LIC;12.53713398
Liechtenstein;LIE;99.54661245
Sri Lanka;LKA;32.25
Revenu intermédiaire, tranche inférieure;LMC;24.85321214
Revenu faible et intermédiaire;LMY;36.79143265
Lesotho;LSO;39
de dividende tardif démographique;LTE;59.17635109
Lituanie;LTU;77.61525651
Luxembourg;LUX;97.36296032
Lettonie;LVA;80.114077
Région administrative spéciale de Macao, Chine;MAC;83.17408907
Saint-Martin (fr);MAF;
Maroc;MAR;61.76221201
Monaco;MCO;97.05297684
Moldova;MDA;49.9
Madagascar;MDG;6.4
Maldives;MDV;65
Afrique du Nord et Moyen-Orient;MEA;54.88353483
Mexique;MEX;53.03178861
Îles Marshall;MHL;38.70116262
Revenu intermédiaire;MIC;39.35672359
Macédoine du Nord;MKD;74.51682418
Mali;MLI;18.9
Malte;MLT;81.01191108
Myanmar;MMR;23.62108195
Afrique du Nord et Moyen-Orient (hors revenu élevé);MNA;48.6307008
Monténégro;MNE;71.27233254
Mongolie;MNG;23.71426517
Mariannes;MNP;
Mozambique;MOZ;7.796326608
Mauritanie;MRT;24.2
Maurice;MUS;55.4032403
Malawi;MWI;7
Malaisie;MYS;80.14047901
Amérique du Nord;NAC;87.81817184
Namibie;NAM;36.83740647
Nouvelle-Calédonie;NCL;82.0058408
Niger;NER;10.22431156
Nigéria;NGA;33.2
Nicaragua;NIC;30.4
Pays-Bas;NLD;93.19727891
Norvège;NOR;96.3576013
Népal;NPL;24.3
Nauru;NRU;62.38512451
Nouvelle-Zélande;NZL;87.7
Pays membres de l'OCDE;OED;80.51028525
Oman;OMN;80.18563573
Autres petits états;OSS;61.5216584
Pakistan;PAK;13.78
Panama;PAN;59.9506309
Pérou;PER;50.45041218
Philippines;PHL;41.6
Palaos;PLW;
Papouasie-Nouvelle-Guinée;PNG;11.20919659
Pologne;POL;75.98536595
de Pré-dividende démographique;PRE;18.82029295
Porto Rico;PRI;68.74077314
Corée, République démocratique de;PRK;
Portugal;PRT;73.79121395
Paraguay;PRY;61.07575622
Cisjordanie et Gaza;PSE;63.3
Petits états insulaires du Pacifique;PSS;40.5441318
de Post-dividende démographique;PST;84.41154906
Polynésie française;PYF;72.70389531
Qatar;QAT;97.38884917
Roumanie;ROU;63.74728218
Fédération de Russie;RUS;76.00813853
Rwanda;RWA;17.2
Asie du Sud;SAS;18.01222168
Arabie saoudite;SAU;94.17559961
Soudan;SDN;18.6
Sénégal;SEN;29.64312367
Singapour;SGP;84.45226789
Îles Salomon;SLB;11.92422906
Sierra Leone;SLE;13.23693043
El Salvador;SLV;33.8207289
Saint-Marin;SMR;60.18230126
Somalie;SOM;2.004048698
Serbie;SRB;70.33083553
Afrique subsaharienne (hors revenu élevé);SSA;21.2666441
Soudan du Sud;SSD;4.1
Afrique subsaharienne;SSF;21.2702329
Petits états;SST;57.79543453
Sao Tomé-et-Principe;STP;29.9312292
Suriname;SUR;48.94517397
République slovaque;SVK;81.62566752
Slovénie;SVN;78.88542636
Suède;SWE;93.00626697
Eswatini;SWZ;35.3
Sint Maarten (Dutch part);SXM;
Seychelles;SYC;58.76981124
République arabe syrienne;SYR;32.7
Îles Turques-et-Caïques;TCA;
Tchad;TCD;7.4
Asie de l’Est et Pacifique (BIRD et IDA);TEA;50.05697939
Europe et Asie centrale (BIRD et IDA);TEC;67.0101078
Togo;TGO;12.36022497
Thaïlande;THA;52.89192934
Tadjikistan;TJK;21.96
Turkménistan;TKM;21.25099741
Amérique latine et Caraïbes (BIRD et IDA);TLA;60.2481075
Timor-Leste;TLS;24.2
Afrique du Nord et Moyen-Orient (BIRD et IDA);TMN;48.44783981
Tonga;TON;46.2
Asie du Sud (BIRD et IDA);TSA;18.01222168
Afrique subsaharienne (BIRD et IDA);TSS;21.2702329
Trinité-et-Tobago;TTO;70.6
Tunisie;TUN;55.50015506
Turquie;TUR;64.68461768
Tuvalu;TUV;35.2
Tanzanie;TZA;15.99999943
Ouganda;UGA;5.9
Ukraine;UKR;58.88947945
Revenu intermédiaire, tranche supérieure;UMC;54.27419047
Uruguay;URY;70.3223544
États-Unis;USA;87.27488917
Ouzbékistan;UZB;48.69999885
Saint-Vincent-et-les Grenadines;VCT;53.7
Venezuela;VEN;61.6
Îles Vierges britanniques;VGB;77.70426829
Îles Vierges (EU);VIR;64.3774943
Viet Nam;VNM;58.14
Vanuatu;VUT;30.8
Monde;WLD;45.54307318
Samoa;WSM;39.4
Kosovo;XKX;83.89359681
Yémen, Rép. du;YEM;26.71835477
Afrique du Sud;ZAF;56.16739447
Zambie;ZMB;12.2
Zimbabwe;ZWE;24.4
